{
	"credit": "Made by samus2002",
	"textures": {
		"main": "dragon_warrior_texture/dragon_spin"
	},
	"elements": [
		{
			"from": [-12.5, -12.5, 8.25],
			"to": [28.5, 28.5, 8.25],
			"rotation": {"angle": 0, "axis": "y", "origin": [8, 8, 8.5]},
			"faces": {
				"north": {"uv": [0, 0, 4, 4], "texture": "#main"},
				"east": {"uv": [0, 0, 0, 4], "texture": "#main"},
				"south": {"uv": [4, 0, 0, 4], "texture": "#main"},
				"west": {"uv": [0, 0, 0, 4], "texture": "#main"},
				"up": {"uv": [0, 0, 4, 0], "texture": "#main"},
				"down": {"uv": [0, 0, 4, 0], "texture": "#main"}
			}
		},
		{
			"from": [-12.5, -12.5, 8.75],
			"to": [28.5, 28.5, 8.75],
			"rotation": {"angle": 0, "axis": "y", "origin": [8, 8, 7.5]},
			"faces": {
				"north": {"uv": [0, 0, 4, 4], "texture": "#main"},
				"east": {"uv": [0, 0, 0, 4], "texture": "#main"},
				"south": {"uv": [4, 0, 0, 4], "texture": "#main"},
				"west": {"uv": [0, 0, 0, 4], "texture": "#main"},
				"up": {"uv": [0, 0, 4, 0], "texture": "#main"},
				"down": {"uv": [0, 0, 4, 0], "texture": "#main"}
			}
		},
		{
			"from": [-12.5, -12.5, 8.5],
			"to": [28.5, 28.5, 8.5],
			"rotation": {"angle": -22.5, "axis": "z", "origin": [8, 8, 8.5]},
			"faces": {
				"north": {"uv": [4, 0, 8, 4], "rotation": 90, "texture": "#main"},
				"east": {"uv": [4, 0, 8, 0], "rotation": 270, "texture": "#main"},
				"south": {"uv": [8, 0, 4, 4], "rotation": 270, "texture": "#main"},
				"west": {"uv": [4, 0, 8, 0], "rotation": 270, "texture": "#main"},
				"up": {"uv": [4, 0, 4, 4], "rotation": 270, "texture": "#main"},
				"down": {"uv": [4, 0, 4, 4], "rotation": 270, "texture": "#main"}
			}
		},
		{
			"from": [-12.5, -12.5, 8.25],
			"to": [28.5, 28.5, 8.25],
			"rotation": {"angle": 0, "axis": "y", "origin": [8, 8, 8.5]},
			"faces": {
				"north": {"uv": [8, 0, 12, 4], "texture": "#main"},
				"east": {"uv": [8, 0, 8, 4], "texture": "#main"},
				"south": {"uv": [12, 0, 8, 4], "texture": "#main"},
				"west": {"uv": [8, 0, 8, 4], "texture": "#main"},
				"up": {"uv": [8, 0, 12, 0], "texture": "#main"},
				"down": {"uv": [8, 0, 12, 0], "texture": "#main"}
			}
		},
		{
			"from": [-12.5, -12.5, 8.75],
			"to": [28.5, 28.5, 8.75],
			"rotation": {"angle": 0, "axis": "y", "origin": [8, 8, 7.5]},
			"faces": {
				"north": {"uv": [8, 0, 12, 4], "texture": "#main"},
				"east": {"uv": [8, 0, 8, 4], "texture": "#main"},
				"south": {"uv": [12, 0, 8, 4], "texture": "#main"},
				"west": {"uv": [8, 0, 8, 4], "texture": "#main"},
				"up": {"uv": [8, 0, 12, 0], "texture": "#main"},
				"down": {"uv": [8, 0, 12, 0], "texture": "#main"}
			}
		},
		{
			"from": [-12.5, -12.5, 8.5],
			"to": [28.5, 28.5, 8.5],
			"rotation": {"angle": -22.5, "axis": "z", "origin": [8, 8, 8.5]},
			"faces": {
				"north": {"uv": [12, 0, 16, 4], "rotation": 90, "texture": "#main"},
				"east": {"uv": [12, 0, 16, 0], "rotation": 270, "texture": "#main"},
				"south": {"uv": [16, 0, 12, 4], "rotation": 270, "texture": "#main"},
				"west": {"uv": [12, 0, 16, 0], "rotation": 270, "texture": "#main"},
				"up": {"uv": [12, 0, 12, 4], "rotation": 270, "texture": "#main"},
				"down": {"uv": [12, 0, 12, 4], "rotation": 270, "texture": "#main"}
			}
		},
		{
			"from": [-12.5, -12.5, 8.25],
			"to": [28.5, 28.5, 8.25],
			"rotation": {"angle": 0, "axis": "y", "origin": [8, 8, 8.5]},
			"faces": {
				"north": {"uv": [0, 8, 4, 12], "texture": "#main"},
				"east": {"uv": [0, 8, 0, 12], "texture": "#main"},
				"south": {"uv": [4, 8, 0, 12], "texture": "#main"},
				"west": {"uv": [0, 8, 0, 12], "texture": "#main"},
				"up": {"uv": [0, 8, 4, 8], "texture": "#main"},
				"down": {"uv": [0, 8, 4, 8], "texture": "#main"}
			}
		},
		{
			"from": [-12.5, -12.5, 8.75],
			"to": [28.5, 28.5, 8.75],
			"rotation": {"angle": 0, "axis": "y", "origin": [8, 8, 7.5]},
			"faces": {
				"north": {"uv": [0, 8, 4, 12], "texture": "#main"},
				"east": {"uv": [0, 8, 0, 12], "texture": "#main"},
				"south": {"uv": [4, 8, 0, 12], "texture": "#main"},
				"west": {"uv": [0, 8, 0, 12], "texture": "#main"},
				"up": {"uv": [0, 8, 4, 8], "texture": "#main"},
				"down": {"uv": [0, 8, 4, 8], "texture": "#main"}
			}
		},
		{
			"from": [-12.5, -12.5, 8.5],
			"to": [28.5, 28.5, 8.5],
			"rotation": {"angle": -22.5, "axis": "z", "origin": [8, 8, 8.5]},
			"faces": {
				"north": {"uv": [4, 8, 8, 12], "rotation": 90, "texture": "#main"},
				"east": {"uv": [4, 8, 8, 8], "rotation": 270, "texture": "#main"},
				"south": {"uv": [8, 8, 4, 12], "rotation": 270, "texture": "#main"},
				"west": {"uv": [4, 8, 8, 8], "rotation": 270, "texture": "#main"},
				"up": {"uv": [4, 8, 4, 12], "rotation": 270, "texture": "#main"},
				"down": {"uv": [4, 8, 4, 12], "rotation": 270, "texture": "#main"}
			}
		}
	],
	"display": {
		"thirdperson_righthand": {
			"rotation": [90, 90, 90],
			"translation": [-6.75, 0, 5.25],
			"scale": [3, 3, 3]
		},
		"head": {
			"rotation": [0, 90, 0],
			"translation": [0, -62.75, -2.5],
			"scale": [4, 4, 4]
		}
	}
}