{
    "model": {
        "type": "range_dispatch",
        "property": "custom_model_data",
        "fallback": {
            "type": "model",
            "model": "item/coal"
        },
        "entries": [
            {
                "threshold": 2076,
                "model": {
                    "type": "model",
                    "model": "dragon_warrior_model/icon_dragon_breath"
                }
            },
            {
                "threshold": 2077,
                "model": {
                    "type": "model",
                    "model": "dragon_warrior_model/icon_dragon_dash"
                }
            },
            {
                "threshold": 2078,
                "model": {
                    "type": "model",
                    "model": "dragon_warrior_model/icon_dragon_skin"
                }
            },
            {
                "threshold": 2079,
                "model": {
                    "type": "model",
                    "model": "dragon_warrior_model/icon_dragon_slash"
                }
            },
            {
                "threshold": 2080,
                "model": {
                    "type": "model",
                    "model": "dragon_warrior_model/icon_dragon_zone"
                }
            },
            {
                "threshold": 2081,
                "model": {
                    "type": "model",
                    "model": "dragon_warrior_model/icon_dragonborn"
                }
            }
        ]
    }
}