{
    "model": {
        "type": "range_dispatch",
        "property": "custom_model_data",
        "fallback": {
            "type": "model",
            "model": "item/paper"
        },
        "entries": [
            {
                "threshold": 20320,
                "model": {
                    "type": "model",
                    "model": "dragon_warrior_model/dragon_circle_1"
                }
            },
            {
                "threshold": 20321,
                "model": {
                    "type": "model",
                    "model": "dragon_warrior_model/dragon_circle_2"
                }
            },
            {
                "threshold": 20322,
                "model": {
                    "type": "model",
                    "model": "dragon_warrior_model/dragon_circle_3"
                }
            },
            {
                "threshold": 20323,
                "model": {
                    "type": "model",
                    "model": "dragon_warrior_model/dragon_circle_4"
                }
            },
            {
                "threshold": 20324,
                "model": {
                    "type": "model",
                    "model": "dragon_warrior_model/dragon_circle_5"
                }
            },
            {
                "threshold": 20325,
                "model": {
                    "type": "model",
                    "model": "dragon_warrior_model/dragon_dash_charge_1"
                }
            },
            {
                "threshold": 20326,
                "model": {
                    "type": "model",
                    "model": "dragon_warrior_model/dragon_dash_charge_2"
                }
            },
            {
                "threshold": 20327,
                "model": {
                    "type": "model",
                    "model": "dragon_warrior_model/dragon_dash_charge_3"
                }
            },
            {
                "threshold": 20328,
                "model": {
                    "type": "model",
                    "model": "dragon_warrior_model/dragon_dash_charge_4"
                }
            },
            {
                "threshold": 20329,
                "model": {
                    "type": "model",
                    "model": "dragon_warrior_model/dragon_dash_pierce_1"
                }
            },
            {
                "threshold": 20330,
                "model": {
                    "type": "model",
                    "model": "dragon_warrior_model/dragon_dash_pierce_2"
                }
            },
            {
                "threshold": 20331,
                "model": {
                    "type": "model",
                    "model": "dragon_warrior_model/dragon_dash_pierce_3"
                }
            },
            {
                "threshold": 20332,
                "model": {
                    "type": "model",
                    "model": "dragon_warrior_model/dragon_dash_pierce_4"
                }
            },
            {
                "threshold": 20333,
                "model": {
                    "type": "model",
                    "model": "dragon_warrior_model/dragon_dash_pierce_5"
                }
            },
            {
                "threshold": 20334,
                "model": {
                    "type": "model",
                    "model": "dragon_warrior_model/dragon_ground_slash"
                }
            },
            {
                "threshold": 20335,
                "model": {
                    "type": "model",
                    "model": "dragon_warrior_model/dragon_slash_1"
                }
            },
            {
                "threshold": 20336,
                "model": {
                    "type": "model",
                    "model": "dragon_warrior_model/dragon_slash_2"
                }
            },
            {
                "threshold": 20337,
                "model": {
                    "type": "model",
                    "model": "dragon_warrior_model/dragon_slash_3"
                }
            },
            {
                "threshold": 20338,
                "model": {
                    "type": "model",
                    "model": "dragon_warrior_model/dragon_slash_4"
                }
            },
            {
                "threshold": 20339,
                "model": {
                    "type": "model",
                    "model": "dragon_warrior_model/dragon_slash_5"
                }
            },
            {
                "threshold": 20340,
                "model": {
                    "type": "model",
                    "model": "dragon_warrior_model/dragon_slash_6"
                }
            },
            {
                "threshold": 20341,
                "model": {
                    "type": "model",
                    "model": "dragon_warrior_model/dragon_smash_rupture_1"
                }
            },
            {
                "threshold": 20342,
                "model": {
                    "type": "model",
                    "model": "dragon_warrior_model/dragon_smash_rupture_2"
                }
            },
            {
                "threshold": 20343,
                "model": {
                    "type": "model",
                    "model": "dragon_warrior_model/dragon_smash_rupture_3"
                }
            },
            {
                "threshold": 20344,
                "model": {
                    "type": "model",
                    "model": "dragon_warrior_model/dragon_smash_rupture_4"
                }
            },
            {
                "threshold": 20345,
                "model": {
                    "type": "model",
                    "model": "dragon_warrior_model/dragon_smash_rupture_5"
                }
            },
            {
                "threshold": 20346,
                "model": {
                    "type": "model",
                    "model": "dragon_warrior_model/dragon_smash_rupture_6"
                }
            },
            {
                "threshold": 20347,
                "model": {
                    "type": "model",
                    "model": "dragon_warrior_model/dragon_spin"
                }
            },
            {
                "threshold": 20348,
                "model": {
                    "type": "model",
                    "model": "dragon_warrior_model/dragon_spin_1"
                }
            },
            {
                "threshold": 20349,
                "model": {
                    "type": "model",
                    "model": "dragon_warrior_model/dragon_spin_2"
                }
            },
            {
                "threshold": 20350,
                "model": {
                    "type": "model",
                    "model": "dragon_warrior_model/dragon_spin_3"
                }
            },
            {
                "threshold": 20351,
                "model": {
                    "type": "model",
                    "model": "dragon_warrior_model/dragon_warrior_spear_spirit_1"
                }
            },
            {
                "threshold": 20352,
                "model": {
                    "type": "model",
                    "model": "dragon_warrior_model/dragon_warrior_spear_spirit_2"
                }
            },
            {
                "threshold": 20353,
                "model": {
                    "type": "model",
                    "model": "dragon_warrior_model/dragon_warrior_spear_spirit_3"
                }
            },
            {
                "threshold": 20354,
                "model": {
                    "type": "model",
                    "model": "dragon_warrior_model/dragon_warrior_spear_spirit_4"
                }
            },
            {
                "threshold": 20355,
                "model": {
                    "type": "model",
                    "model": "dragon_warrior_model/dragon_wings_1"
                }
            },
            {
                "threshold": 20356,
                "model": {
                    "type": "model",
                    "model": "dragon_warrior_model/dragon_wings_2"
                }
            },
            {
                "threshold": 20357,
                "model": {
                    "type": "model",
                    "model": "dragon_warrior_model/dragon_wings_3"
                }
            },
            {
                "threshold": 20358,
                "model": {
                    "type": "model",
                    "model": "dragon_warrior_model/dragon_wings_4"
                }
            },
            {
                "threshold": 20359,
                "model": {
                    "type": "model",
                    "model": "dragon_warrior_model/dragon_wings_5"
                }
            },
            {
                "threshold": 20360,
                "model": {
                    "type": "model",
                    "model": "dragon_warrior_model/dragon_wings_6"
                }
            },
            {
                "threshold": 20361,
                "model": {
                    "type": "model",
                    "model": "dragon_warrior_model/dragon_wings_7"
                }
            },
            {
                "threshold": 20362,
                "model": {
                    "type": "model",
                    "model": "dragon_warrior_model/dragon_wings_8"
                }
            },
            {
                "threshold": 20363,
                "model": {
                    "type": "model",
                    "model": "dragon_warrior_model/dragon_wings_9"
                }
            },
            {
                "threshold": 20364,
                "model": {
                    "type": "model",
                    "model": "dragon_warrior_model/dragon_wings_a"
                }
            },
            {
                "threshold": 20365,
                "model": {
                    "type": "model",
                    "model": "dragon_warrior_model/dragon_slash_2_opp"
                }
            }
        ]
    }
}