{
    "model": {
        "type": "range_dispatch",
        "property": "custom_model_data",
        "fallback": {
            "type": "model",
            "model": "item/stone_sword"
        },
        "entries": [
            {
                "threshold": 2025,
                "model": {
                    "type": "model",
                    "model": "dragon_warrior_model/dragon_warrior_spear"
                }
            },
            {
                "threshold": 2026,
                "model": {
                    "type": "model",
                    "model": "dragon_warrior_model/dragon_warrior_spear_shiny"
                }
            }
        ]
    }
}